{"R1W1":{"A_Cinderella_Story":0.038295,"Beauties_and_the_Beast":0.9798,"Black_Mamba":0.99999,"Component":0.990139,"FOURdham_Marchketeers":0.974,"Gambler":0.79,"InMotion":0.998599,"Never_Blow_3-1":0.943086,"OneBillionDollars":0.7438,"SuperDC":0.996,"Team_RNG":0.558,"Team_Rams":0.987698,"Team_Slam_Dunk":0.991816,"mercury":0.918886,"pilarz":0.969567,"team_18":0.925327,"team_Four-point shot":0.586343},"R1W2":{"A_Cinderella_Story":0.961705,"Beauties_and_the_Beast":0.960502,"Black_Mamba":0.80309,"Component":0.807562,"FOURdham_Marchketeers":0.854,"Gambler":0.599,"InMotion":0.996716,"Never_Blow_3-1":0.924234,"OneBillionDollars":0.8682,"SuperDC":0.969,"Team_RNG":0.458,"Team_Rams":0.954288,"Team_Slam_Dunk":0.958354,"mercury":0.728886,"pilarz":0.933124,"team_18":0.894885,"team_Four-point shot":0.645956},"R1W3":{"A_Cinderella_Story":0.961705,"Beauties_and_the_Beast":0.873861,"Black_Mamba":0.53307,"Component":0.80803,"FOURdham_Marchketeers":0.801,"Gambler":0.625,"InMotion":0.905367,"Never_Blow_3-1":0.904489,"OneBillionDollars":0.8288,"SuperDC":0.937,"Team_RNG":0.579,"Team_Rams":0.903485,"Team_Slam_Dunk":0.903361,"mercury":0.707641,"pilarz":0.799996,"team_18":0.680049,"team_Four-point shot":0.886719},"R1W4":{"A_Cinderella_Story":0.961705,"Beauties_and_the_Beast":0.63033,"Black_Mamba":0.8338,"Component":0.563584,"FOURdham_Marchketeers":0.58,"Gambler":1.179,"InMotion":0.890567,"Never_Blow_3-1":0.833928,"OneBillionDollars":0.7144,"SuperDC":0.912,"Team_RNG":0.469,"Team_Rams":0.841766,"Team_Slam_Dunk":0.879833,"mercury":0.65236,"pilarz":0.793216,"team_18":0.6874,"team_Four-point shot":0.923359},"R1W5":{"A_Cinderella_Story":0.038304,"Beauties_and_the_Beast":0.688434,"Black_Mamba":0.48636,"Component":0.915764,"FOURdham_Marchketeers":0.743,"Gambler":0.919,"InMotion":0.864832,"Never_Blow_3-1":0.78783,"OneBillionDollars":0.5032,"SuperDC":0.892,"Team_RNG":0.589,"Team_Rams":0.760312,"Team_Slam_Dunk":0.807115,"mercury":0.608737,"pilarz":0.789999,"team_18":0.594026,"team_Four-point shot":0.300587},"R1W6":{"A_Cinderella_Story":0.038643,"Beauties_and_the_Beast":0.319863,"Black_Mamba":0.55507,"Component":0.162619,"FOURdham_Marchketeers":0.137,"Gambler":0.28,"InMotion":0.348246,"Never_Blow_3-1":0.228287,"OneBillionDollars":0.3544,"SuperDC":0.117,"Team_RNG":0.486,"Team_Rams":0.151564,"Team_Slam_Dunk":0.167566,"mercury":0.28931,"pilarz":0.172046,"team_18":0.294722,"team_Four-point shot":0.357404},"R1W7":{"A_Cinderella_Story":0.9614824,"Beauties_and_the_Beast":0.613422,"Black_Mamba":0.42302,"Component":0.737255,"FOURdham_Marchketeers":0.663,"Gambler":0.581,"InMotion":0.50514,"Never_Blow_3-1":0.540222,"OneBillionDollars":0.447,"SuperDC":0.411,"Team_RNG":0.507,"Team_Rams":0.653889,"Team_Slam_Dunk":0.583436,"mercury":0.39244,"pilarz":0.473885,"team_18":0.615412,"team_Four-point shot":0.397017},"R1W8":{"A_Cinderella_Story":0.472373,"Beauties_and_the_Beast":0.595726,"Black_Mamba":0.41089,"Component":0.454298,"FOURdham_Marchketeers":0.651,"Gambler":0.54,"InMotion":0.70934,"Never_Blow_3-1":0.750569,"OneBillionDollars":0.4566,"SuperDC":0.736,"Team_RNG":0.549,"Team_Rams":0.621463,"Team_Slam_Dunk":0.777339,"mercury":0.579376,"pilarz":0.689202,"team_18":0.607999,"team_Four-point shot":0.721335},"R1X1":{"A_Cinderella_Story":0.961705,"Beauties_and_the_Beast":0.948473,"Black_Mamba":1.0,"Component":0.864479,"FOURdham_Marchketeers":0.964,"Gambler":0.602,"InMotion":0.962365,"Never_Blow_3-1":0.953998,"OneBillionDollars":0.8284,"SuperDC":0.995,"Team_RNG":0.472,"Team_Rams":0.984189,"Team_Slam_Dunk":0.985243,"mercury":0.978442,"pilarz":0.971754,"team_18":0.896552,"team_Four-point shot":0.950896},"R1X2":{"A_Cinderella_Story":0.961705,"Beauties_and_the_Beast":0.903901,"Black_Mamba":0.86452,"Component":0.93562,"FOURdham_Marchketeers":0.95,"Gambler":0.727,"InMotion":null,"Never_Blow_3-1":0.936179,"OneBillionDollars":0.8656,"SuperDC":0.972,"Team_RNG":0.463,"Team_Rams":0.956903,"Team_Slam_Dunk":0.952434,"mercury":0.8404,"pilarz":0.915131,"team_18":0.901456,"team_Four-point shot":0.93597},"R1X3":{"A_Cinderella_Story":0.961705,"Beauties_and_the_Beast":0.846917,"Black_Mamba":0.70772,"Component":0.809625,"FOURdham_Marchketeers":0.84,"Gambler":0.847,"InMotion":0.935989,"Never_Blow_3-1":0.900526,"OneBillionDollars":0.8322,"SuperDC":0.935,"Team_RNG":0.494,"Team_Rams":0.864044,"Team_Slam_Dunk":0.901186,"mercury":0.684192,"pilarz":0.788292,"team_18":0.757767,"team_Four-point shot":0.916327},"R1X4":{"A_Cinderella_Story":0.961705,"Beauties_and_the_Beast":0.823369,"Black_Mamba":0.70941,"Component":0.857426,"FOURdham_Marchketeers":0.812,"Gambler":1.173,"InMotion":0.948086,"Never_Blow_3-1":0.884191,"OneBillionDollars":0.7774,"SuperDC":0.942,"Team_RNG":0.468,"Team_Rams":0.890072,"Team_Slam_Dunk":0.936744,"mercury":0.698124,"pilarz":0.827206,"team_18":0.634024,"team_Four-point shot":0.728415},"R1X5":{"A_Cinderella_Story":0.9546325,"Beauties_and_the_Beast":null,"Black_Mamba":0.81237,"Component":0.53275,"FOURdham_Marchketeers":0.777,"Gambler":0.976,"InMotion":0.783701,"Never_Blow_3-1":0.693874,"OneBillionDollars":0.6904,"SuperDC":0.789,"Team_RNG":0.468,"Team_Rams":0.855349,"Team_Slam_Dunk":0.759544,"mercury":0.536619,"pilarz":0.624078,"team_18":0.595891,"team_Four-point shot":0.825777},"R1X6":{"A_Cinderella_Story":0.9548573,"Beauties_and_the_Beast":0.499312,"Black_Mamba":0.54491,"Component":0.718964,"FOURdham_Marchketeers":0.269,"Gambler":-0.15,"InMotion":0.526448,"Never_Blow_3-1":0.581556,"OneBillionDollars":0.488,"SuperDC":0.56,"Team_RNG":0.387,"Team_Rams":0.638202,"Team_Slam_Dunk":0.505566,"mercury":0.620763,"pilarz":0.361157,"team_18":0.424686,"team_Four-point shot":0.392904},"R1X7":{"A_Cinderella_Story":0.040531,"Beauties_and_the_Beast":0.211132,"Black_Mamba":0.38907,"Component":0.375868,"FOURdham_Marchketeers":0.509,"Gambler":0.774,"InMotion":0.67967,"Never_Blow_3-1":0.60738,"OneBillionDollars":0.529,"SuperDC":0.839,"Team_RNG":0.636,"Team_Rams":0.776161,"Team_Slam_Dunk":0.761368,"mercury":0.663401,"pilarz":0.691803,"team_18":0.53638,"team_Four-point shot":0.661952},"R1X8":{"A_Cinderella_Story":0.041439,"Beauties_and_the_Beast":0.482889,"Black_Mamba":0.49711,"Component":0.434261,"FOURdham_Marchketeers":0.625,"Gambler":0.729,"InMotion":0.498053,"Never_Blow_3-1":0.41909,"OneBillionDollars":0.4676,"SuperDC":0.439,"Team_RNG":0.597,"Team_Rams":0.447575,"Team_Slam_Dunk":0.51462,"mercury":0.337294,"pilarz":0.486148,"team_18":0.479942,"team_Four-point shot":0.519276},"R1Y1":{"A_Cinderella_Story":0.961705,"Beauties_and_the_Beast":0.972632,"Black_Mamba":1.0,"Component":0.885328,"FOURdham_Marchketeers":0.928,"Gambler":0.542,"InMotion":0.965957,"Never_Blow_3-1":0.954248,"OneBillionDollars":0.801,"SuperDC":0.992,"Team_RNG":0.431,"Team_Rams":0.968264,"Team_Slam_Dunk":0.986506,"mercury":0.871992,"pilarz":0.97151,"team_18":0.914913,"team_Four-point shot":0.317188},"R1Y2":{"A_Cinderella_Story":0.038295,"Beauties_and_the_Beast":0.955449,"Black_Mamba":0.8357,"Component":0.937111,"FOURdham_Marchketeers":0.892,"Gambler":1.261,"InMotion":0.97907,"Never_Blow_3-1":0.949522,"OneBillionDollars":0.8702,"SuperDC":0.982,"Team_RNG":0.485,"Team_Rams":0.973696,"Team_Slam_Dunk":0.977277,"mercury":0.734261,"pilarz":0.942424,"team_18":0.872178,"team_Four-point shot":0.949218},"R1Y3":{"A_Cinderella_Story":0.043032,"Beauties_and_the_Beast":0.229689,"Black_Mamba":0.6788,"Component":0.902388,"FOURdham_Marchketeers":0.931,"Gambler":1.193,"InMotion":0.959504,"Never_Blow_3-1":0.941142,"OneBillionDollars":0.759,"SuperDC":0.952,"Team_RNG":0.362,"Team_Rams":0.952768,"Team_Slam_Dunk":0.945188,"mercury":0.788904,"pilarz":0.832406,"team_18":0.849245,"team_Four-point shot":0.910182},"R1Y4":{"A_Cinderella_Story":null,"Beauties_and_the_Beast":null,"Black_Mamba":0.70463,"Component":0.827152,"FOURdham_Marchketeers":0.664,"Gambler":0.617,"InMotion":0.873504,"Never_Blow_3-1":0.744774,"OneBillionDollars":0.6356,"SuperDC":0.869,"Team_RNG":0.502,"Team_Rams":0.754943,"Team_Slam_Dunk":0.824723,"mercury":0.64175,"pilarz":0.587377,"team_18":0.633068,"team_Four-point shot":0.851032},